order_id,distance_km,weather,traffic_level,time_of_day,vehicle_type,preparation_time_min,courier_experience_yrs,delivery_time_min,courier_experience_category,distance_per_experience
522,7.93,Windy,Low,Afternoon,Scooter,12,1.0,43,Intermediate,7.031874999999999
738,16.42,Clear,Medium,Evening,Bike,20,2.0,84,Intermediate,7.031874999999999
741,9.52,Foggy,Low,Night,Scooter,28,1.0,59,Intermediate,7.031874999999999
661,7.44,Rainy,Medium,Afternoon,Scooter,5,1.0,37,Intermediate,7.031874999999999
412,19.03,Clear,Low,Morning,Bike,16,5.0,68,Expert,3.806
679,19.4,Clear,Low,Evening,Scooter,8,9.0,57,Expert,2.1555555555555554
627,9.52,Clear,Low,Morning,Bike,12,1.0,49,Intermediate,7.031874999999999
514,17.39,Clear,Medium,Evening,Scooter,5,6.0,46,Expert,2.8983333333333334
860,1.78,Snowy,Low,Evening,Car,20,6.0,35,Expert,0.2966666666666667
137,10.62,Foggy,Low,Evening,Scooter,29,1.0,73,Intermediate,7.031874999999999
812,16.86,Snowy,Medium,Afternoon,Car,13,4.0,88,Expert,4.215
77,15.54,Clear,Low,Night,Bike,29,1.0,76,Intermediate,7.031874999999999
637,10.89,Clear,High,Night,Bike,12,5.0,53,Expert,2.178
974,4.69,Rainy,Medium,Evening,Scooter,12,7.0,36,Expert,0.67
939,2.8,Clear,High,Morning,Scooter,10,5.0,33,Expert,0.5599999999999999
900,2.17,Snowy,Low,Evening,Car,15,3.0,35,Intermediate,0.7233333333333333
281,17.86,Rainy,Low,Afternoon,Bike,5,1.0,50,Intermediate,7.031874999999999
884,2.53,Snowy,Low,Morning,Bike,6,8.0,24,Expert,0.31625
762,6.58,Foggy,Low,Evening,Car,6,7.0,27,Expert,0.9400000000000001
320,5.38,Clear,Medium,Evening,Scooter,26,1.0,47,Intermediate,5.38
550,15.56,Rainy,Low,Afternoon,Scooter,28,0.0,72,Newbie,0.0
175,13.08,Rainy,Low,Morning,Car,16,4.0,58,Expert,3.27
372,0.86,Clear,High,Afternoon,Bike,26,5.0,37,Expert,0.172
528,5.83,Clear,High,Evening,Car,27,9.0,56,Expert,0.6477777777777778
211,11.2,Clear,Medium,Morning,Bike,23,5.0,73,Expert,2.2399999999999998
236,14.59,Clear,Medium,Morning,Bike,15,6.0,64,Expert,2.4316666666666666
102,12.91,Windy,Medium,Evening,Bike,11,6.0,56,Expert,2.151666666666667
987,13.92,Snowy,Low,Morning,Scooter,18,4.0,70,Expert,3.48
903,4.04,Snowy,Low,Night,Bike,11,9.0,70,Expert,0.4488888888888889
948,18.05,Clear,Medium,Evening,Scooter,10,7.0,116,Expert,2.5785714285714287
347,12.88,Clear,Medium,Morning,Scooter,8,5.0,52,Expert,2.576
140,19.45,Rainy,High,Morning,Scooter,20,6.0,108,Expert,3.2416666666666667
622,4.58,Clear,High,Morning,Scooter,22,9.0,45,Expert,0.508888888888889
500,19.73,Foggy,Medium,Evening,Bike,27,4.0,111,Expert,4.9325
371,2.47,Windy,Medium,Morning,Bike,27,2.0,44,Intermediate,1.235
199,17.8,Snowy,Medium,Morning,Bike,16,9.0,73,Expert,1.9777777777777779
688,5.96,Clear,Medium,Afternoon,Bike,22,7.0,45,Expert,0.8514285714285714
585,12.85,Windy,Medium,Afternoon,Scooter,18,7.0,61,Expert,1.8357142857142856
902,1.02,Clear,Medium,Afternoon,Bike,25,4.0,34,Expert,0.255
60,6.84,Rainy,Medium,Night,Car,14,8.0,47,Expert,0.855
329,8.68,Rainy,Medium,Morning,Bike,8,5.0,52,Expert,1.736
97,10.69,Clear,Medium,Night,Bike,25,9.0,67,Expert,1.1877777777777778
313,0.99,Clear,Medium,Evening,Bike,15,5.0,32,Expert,0.198
975,1.11,Clear,Low,Morning,Bike,5,6.0,8,Expert,0.18500000000000003
300,2.16,Snowy,Low,Evening,Scooter,15,0.0,36,Newbie,0.0
278,13.17,Windy,Medium,Afternoon,Bike,16,4.0,67,Expert,3.2925
925,8.79,Snowy,Low,Night,Bike,14,6.0,43,Expert,1.4649999999999999
602,5.93,Clear,Low,Afternoon,Scooter,19,3.0,36,Intermediate,1.9766666666666666
440,2.09,Rainy,Low,Night,Bike,23,2.0,36,Intermediate,1.045
838,7.57,Clear,Low,Morning,Bike,21,0.0,56,Newbie,0.0
571,10.52,Rainy,Medium,Afternoon,Scooter,8,4.0,56,Expert,2.63
880,4.83,Rainy,Low,Morning,Car,25,9.0,47,Expert,0.5366666666666666
262,19.81,Snowy,Medium,Afternoon,Car,20,5.0,104,Expert,3.9619999999999997
579,10.1,Rainy,Low,Evening,Car,8,4.0,50,Expert,2.525
24,7.64,Windy,Low,Afternoon,Car,10,8.0,31,Expert,0.955
31,12.35,Clear,Low,Morning,Scooter,10,6.0,35,Expert,2.058333333333333
618,5.9,Rainy,Low,Evening,Car,26,9.0,44,Expert,0.6555555555555556
11,0.9,Clear,Low,Afternoon,Bike,20,8.0,23,Expert,0.1125
222,11.58,Clear,Medium,Morning,Scooter,16,2.0,61,Intermediate,5.79
821,16.16,Clear,High,Afternoon,Bike,11,1.0,82,Intermediate,7.031874999999999
297,15.51,Clear,Low,Evening,Bike,17,9.0,69,Expert,1.7233333333333334
55,12.16,Windy,High,Evening,Scooter,11,0.0,69,Newbie,0.0
543,4.96,Rainy,High,Morning,Bike,21,0.0,60,Newbie,0.0
210,3.64,Windy,High,Evening,Bike,17,6.0,40,Expert,0.6066666666666667
605,2.85,Clear,Low,Morning,Scooter,26,0.0,38,Newbie,0.0
693,10.4,Clear,Low,Evening,Bike,16,4.0,52,Expert,2.6
663,12.31,Windy,Low,Morning,Bike,29,4.0,68,Expert,3.0775
867,3.53,Clear,Medium,Afternoon,Bike,13,7.0,31,Expert,0.5042857142857142
71,15.56,Clear,Medium,Evening,Bike,14,3.0,54,Intermediate,5.1866666666666665
544,13.6,Clear,Medium,Afternoon,Bike,27,0.0,87,Newbie,0.0
108,15.23,Snowy,High,Morning,Bike,5,0.0,62,Newbie,0.0
494,4.17,Clear,Low,Evening,Scooter,5,1.0,22,Intermediate,4.17
591,3.21,Rainy,High,Night,Scooter,16,0.0,42,Newbie,0.0
742,6.38,Snowy,Low,Evening,Bike,16,1.0,111,Intermediate,6.38
293,16.54,Rainy,Low,Afternoon,Scooter,6,7.0,51,Expert,2.3628571428571425
290,12.02,Clear,Low,Morning,Car,9,7.0,41,Expert,1.717142857142857
653,11.94,Clear,Low,Evening,Bike,20,3.0,69,Intermediate,3.98
40,9.08,Clear,Low,Afternoon,Scooter,14,5.0,49,Expert,1.816
590,3.46,Snowy,Medium,Morning,Scooter,23,3.0,48,Intermediate,1.1533333333333333
308,6.8,Foggy,Medium,Morning,Scooter,13,7.0,46,Expert,0.9714285714285714
680,17.38,Rainy,Medium,Afternoon,Scooter,11,2.0,92,Intermediate,7.031874999999999
67,3.25,Clear,Low,Morning,Bike,23,7.0,32,Expert,0.4642857142857143
276,10.28,Clear,Medium,Evening,Scooter,29,3.0,71,Intermediate,3.4266666666666663
68,16.14,Clear,Low,Night,Car,6,9.0,65,Expert,1.7933333333333334
319,3.55,Clear,Medium,Evening,Bike,23,0.0,43,Newbie,0.0
549,10.65,Clear,Medium,Afternoon,Scooter,23,8.0,58,Expert,1.33125
999,19.03,Clear,Low,Afternoon,Car,26,5.0,68,Expert,3.806
715,7.3,Clear,Low,Night,Scooter,14,7.0,28,Expert,1.042857142857143
754,7.03,Clear,Low,Evening,Scooter,21,1.0,44,Intermediate,7.03
328,12.43,Snowy,Low,Afternoon,Car,12,0.0,70,Newbie,0.0
383,12.76,Windy,High,Morning,Scooter,27,5.0,74,Expert,2.552
452,11.39,Rainy,High,Evening,Scooter,14,1.0,72,Intermediate,7.031874999999999
523,19.41,Clear,Low,Morning,Car,7,3.0,48,Intermediate,6.47
219,13.17,Rainy,High,Evening,Scooter,17,8.0,69,Expert,1.64625
788,8.32,Rainy,Low,Afternoon,Car,12,2.0,49,Intermediate,4.16
437,1.92,Clear,Low,Morning,Bike,8,7.0,14,Expert,0.2742857142857143
765,1.15,Clear,Low,Afternoon,Scooter,26,4.0,30,Expert,0.2875
89,17.8,Windy,High,Afternoon,Car,12,9.0,73,Expert,1.9777777777777779
64,7.46,Clear,Medium,Evening,Bike,8,5.0,42,Expert,1.492
827,7.25,Clear,Medium,Afternoon,Scooter,18,4.0,45,Expert,1.8125
717,16.7,Clear,Medium,Afternoon,Scooter,28,1.0,76,Intermediate,7.031874999999999
352,17.2,Rainy,High,Afternoon,Scooter,14,2.0,94,Intermediate,7.031874999999999
937,0.86,Clear,Medium,Afternoon,Car,21,7.0,28,Expert,0.12285714285714286
257,18.76,Clear,Medium,Evening,Car,15,2.0,80,Intermediate,7.031874999999999
636,9.22,Clear,Medium,Afternoon,Car,18,9.0,57,Expert,1.0244444444444445
645,2.84,Clear,Low,Evening,Scooter,24,2.0,35,Intermediate,1.42
555,17.59,Clear,Low,Morning,Bike,24,6.0,69,Expert,2.9316666666666666
960,14.89,Snowy,High,Morning,Scooter,17,6.0,87,Expert,2.481666666666667
169,1.3,Clear,Medium,Evening,Bike,22,4.0,31,Expert,0.325
918,18.99,Rainy,High,Afternoon,Bike,10,6.0,70,Expert,3.1649999999999996
529,1.6,Foggy,Low,Night,Scooter,24,5.0,37,Expert,0.32
824,8.26,Snowy,Low,Afternoon,Bike,15,1.0,57,Intermediate,7.031874999999999
986,10.16,Clear,High,Night,Bike,12,5.0,52,Expert,2.032
817,12.03,Clear,Medium,Morning,Car,20,5.0,65,Expert,2.4059999999999997
87,14.73,Rainy,Low,Afternoon,Bike,24,6.0,74,Expert,2.455
433,12.56,Clear,High,Evening,Bike,17,5.0,69,Expert,2.512
185,5.53,Clear,Medium,Afternoon,Bike,19,1.0,44,Intermediate,5.53
979,10.18,Foggy,Medium,Morning,Bike,25,3.0,73,Intermediate,3.393333333333333
535,15.5,Clear,Medium,Morning,Scooter,28,9.0,91,Expert,1.7222222222222223
295,2.98,Foggy,Medium,Night,Bike,11,2.0,27,Intermediate,1.49
893,16.69,Foggy,Medium,Evening,Scooter,8,2.0,65,Intermediate,7.031874999999999
426,11.22,Windy,High,Evening,Bike,25,5.0,79,Expert,2.244
714,8.53,Clear,Low,Evening,Scooter,8,2.0,41,Intermediate,4.265
261,12.49,Clear,Medium,Morning,Bike,25,4.0,77,Expert,3.1225
238,0.97,Clear,Low,Night,Scooter,24,8.0,26,Expert,0.12125
560,12.6,Windy,Medium,Afternoon,Car,8,6.0,58,Expert,2.1
584,6.91,Clear,Medium,Evening,Scooter,28,9.0,56,Expert,0.7677777777777778
446,18.97,Clear,Low,Evening,Car,25,4.0,116,Expert,4.7425
868,4.05,Clear,Medium,Evening,Bike,20,5.0,44,Expert,0.8099999999999999
801,14.29,Windy,Medium,Morning,Bike,14,7.0,78,Expert,2.0414285714285714
600,1.3,Foggy,Low,Evening,Bike,19,5.0,29,Expert,0.26
850,12.11,Rainy,Low,Morning,Bike,9,5.0,59,Expert,2.4219999999999997
266,14.94,Clear,Medium,Morning,Bike,11,0.0,62,Newbie,0.0
996,2.29,Rainy,High,Afternoon,Car,8,8.0,80,Expert,0.28625
530,17.36,Rainy,High,Afternoon,Bike,24,1.0,105,Intermediate,7.031874999999999
56,18.48,Clear,Medium,Night,Bike,8,0.0,82,Newbie,0.0
121,16.25,Foggy,High,Morning,Bike,10,5.0,91,Expert,3.25
216,5.13,Clear,Low,Morning,Car,15,4.0,30,Expert,1.2825
26,15.81,Clear,Low,Morning,Car,25,1.0,92,Intermediate,7.031874999999999
73,0.61,Clear,Low,Afternoon,Scooter,10,0.0,16,Newbie,0.0
45,5.55,Foggy,High,Evening,Bike,18,1.0,116,Intermediate,5.55
248,19.35,Clear,High,Morning,Bike,12,7.0,75,Expert,2.7642857142857147
722,4.03,Clear,Medium,Evening,Bike,9,5.0,25,Expert,0.806
282,7.09,Snowy,Low,Morning,Scooter,13,8.0,37,Expert,0.88625
894,8.25,Clear,Medium,Afternoon,Bike,7,9.0,28,Expert,0.9166666666666666
915,11.26,Clear,Low,Night,Bike,5,6.0,49,Expert,1.8766666666666667
811,19.7,Rainy,Low,Evening,Bike,10,2.0,60,Intermediate,7.031874999999999
245,0.8,Snowy,High,Evening,Bike,14,9.0,36,Expert,0.08888888888888889
823,7.0,Rainy,Medium,Evening,Bike,17,9.0,49,Expert,0.7777777777777778
322,14.43,Clear,Medium,Morning,Car,14,4.0,113,Expert,3.6075
644,6.89,Rainy,Medium,Afternoon,Bike,11,6.0,43,Expert,1.1483333333333332
159,5.13,Foggy,Medium,Evening,Car,25,1.0,60,Intermediate,5.13
978,1.5,Clear,Low,Afternoon,Bike,10,1.0,17,Intermediate,1.5
430,2.78,Clear,High,Afternoon,Scooter,9,0.0,41,Newbie,0.0
942,11.31,Clear,Medium,Evening,Bike,7,0.0,54,Newbie,0.0
463,15.05,Clear,Medium,Evening,Car,12,2.0,66,Intermediate,7.031874999999999
310,5.78,Foggy,Low,Afternoon,Scooter,9,9.0,33,Expert,0.6422222222222222
698,11.83,Clear,Low,Evening,Scooter,9,7.0,32,Expert,1.69
61,8.08,Foggy,Low,Morning,Bike,25,2.0,61,Intermediate,4.04
885,16.1,Clear,Low,Evening,Bike,25,0.0,64,Newbie,0.0
596,9.74,Rainy,Medium,Evening,Scooter,7,8.0,37,Expert,1.2175
768,17.6,Clear,Low,Afternoon,Bike,27,3.0,69,Intermediate,5.866666666666667
650,10.22,Snowy,Medium,Night,Bike,18,1.0,68,Intermediate,7.031874999999999
651,2.19,Clear,Low,Evening,Bike,26,3.0,32,Intermediate,0.73
866,11.41,Windy,Medium,Afternoon,Scooter,17,4.0,68,Expert,2.8525
669,4.14,Clear,Medium,Morning,Scooter,14,2.0,30,Intermediate,2.07
299,12.65,Rainy,Low,Afternoon,Bike,18,8.0,60,Expert,1.58125
690,4.15,Clear,Medium,Morning,Car,17,8.0,46,Expert,0.51875
315,16.8,Clear,High,Morning,Car,19,4.0,85,Expert,4.2
311,9.06,Clear,Medium,Evening,Bike,23,4.0,47,Expert,2.265
362,13.04,Clear,Medium,Morning,Scooter,20,6.0,65,Expert,2.1733333333333333
480,10.7,Clear,Medium,Afternoon,Scooter,8,5.0,44,Expert,2.1399999999999997
111,6.15,Foggy,Low,Evening,Scooter,26,5.0,48,Expert,1.23
990,16.47,Snowy,High,Evening,Scooter,20,9.0,75,Expert,1.8299999999999998
487,1.39,Clear,Medium,Afternoon,Bike,15,4.0,24,Expert,0.3475
364,11.14,Rainy,Medium,Morning,Scooter,7,3.0,47,Intermediate,3.7133333333333334
255,3.81,Rainy,High,Afternoon,Bike,5,6.0,31,Expert,0.635
260,2.39,Rainy,Medium,Evening,Bike,27,7.0,43,Expert,0.34142857142857147
803,11.74,Clear,High,Evening,Car,6,3.0,54,Intermediate,3.9133333333333336
678,8.26,Clear,Low,Morning,Car,21,4.0,80,Expert,2.065
495,9.54,Rainy,Medium,Evening,Scooter,11,5.0,47,Expert,1.908
671,3.88,Clear,Medium,Morning,Bike,16,2.0,35,Intermediate,1.94
378,0.95,Rainy,Medium,Morning,Car,27,0.0,44,Newbie,0.0
527,8.59,Clear,Low,Night,Scooter,17,8.0,36,Expert,1.07375
846,8.59,Clear,Low,Evening,Bike,22,2.0,43,Intermediate,4.295
138,14.21,Clear,Medium,Evening,Bike,24,5.0,58,Expert,2.842
356,13.03,Foggy,Low,Morning,Scooter,9,1.0,50,Intermediate,7.031874999999999
366,8.03,Clear,Low,Evening,Scooter,14,8.0,42,Expert,1.00375
943,13.2,Snowy,Low,Morning,Car,14,3.0,62,Intermediate,4.3999999999999995
750,12.67,Clear,Medium,Evening,Car,10,3.0,65,Intermediate,4.223333333333334
949,17.54,Clear,Medium,Morning,Car,16,8.0,54,Expert,2.1925
830,9.32,Clear,Low,Morning,Scooter,6,5.0,30,Expert,1.864
657,6.03,Rainy,High,Afternoon,Car,8,6.0,46,Expert,1.0050000000000001
200,15.71,Clear,Low,Afternoon,Scooter,28,5.0,69,Expert,3.1420000000000003
214,4.87,Snowy,High,Evening,Bike,16,7.0,54,Expert,0.6957142857142857
409,18.15,Rainy,High,Morning,Bike,22,7.0,108,Expert,2.5928571428571425
333,0.78,Clear,Medium,Morning,Bike,6,1.0,17,Intermediate,0.78
209,0.6,Clear,Low,Afternoon,Bike,26,3.0,30,Intermediate,0.19999999999999998
614,2.09,Clear,Medium,Evening,Bike,5,5.0,16,Expert,0.418
79,7.49,Clear,Medium,Morning,Scooter,13,9.0,45,Expert,0.8322222222222222
30,1.41,Foggy,Medium,Evening,Bike,15,0.0,72,Newbie,0.0
536,18.92,Clear,High,Morning,Scooter,27,4.0,100,Expert,4.73
696,12.41,Clear,Medium,Morning,Car,10,1.0,51,Intermediate,7.031874999999999
558,1.06,Clear,Low,Afternoon,Scooter,19,6.0,21,Expert,0.17666666666666667
837,18.34,Clear,High,Night,Bike,9,4.0,92,Expert,4.585
597,13.52,Clear,Low,Morning,Scooter,27,1.0,82,Intermediate,7.031874999999999
166,16.79,Foggy,High,Afternoon,Bike,24,6.0,85,Expert,2.7983333333333333
919,15.39,Clear,Medium,Evening,Scooter,24,5.0,89,Expert,3.0780000000000003
496,7.39,Rainy,Medium,Morning,Scooter,25,6.0,60,Expert,1.2316666666666667
825,10.98,Rainy,Low,Morning,Scooter,10,6.0,55,Expert,1.83
66,11.08,Snowy,Medium,Morning,Bike,9,0.0,57,Newbie,0.0
142,5.41,Clear,Medium,Night,Bike,14,5.0,36,Expert,1.082
926,0.94,Clear,High,Morning,Bike,9,6.0,21,Expert,0.15666666666666665
828,7.27,Windy,Low,Afternoon,Bike,10,5.0,35,Expert,1.454
656,2.99,Windy,Medium,Morning,Bike,27,5.0,41,Expert,0.5980000000000001
332,15.28,Snowy,Low,Evening,Bike,16,5.0,72,Expert,3.056
665,2.48,Windy,Medium,Afternoon,Car,14,6.0,27,Expert,0.41333333333333333
250,17.13,Rainy,Low,Evening,Car,19,1.0,71,Intermediate,7.031874999999999
908,7.17,Clear,Low,Afternoon,Bike,15,7.0,32,Expert,1.0242857142857142
709,5.47,Rainy,Low,Morning,Car,21,6.0,38,Expert,0.9116666666666666
306,19.53,Foggy,Low,Afternoon,Bike,11,6.0,87,Expert,3.2550000000000003
735,7.5,Clear,High,Morning,Bike,29,1.0,66,Intermediate,7.031874999999999
976,5.61,Windy,Low,Night,Bike,25,9.0,48,Expert,0.6233333333333334
50,4.1,Clear,Low,Morning,Bike,21,3.0,37,Intermediate,1.3666666666666665
897,6.22,Rainy,Medium,Morning,Bike,15,0.0,49,Newbie,0.0
3,14.77,Clear,High,Morning,Scooter,11,6.0,67,Expert,2.4616666666666664
545,12.55,Windy,Low,Evening,Bike,13,8.0,51,Expert,1.56875
351,10.31,Foggy,Medium,Morning,Scooter,19,5.0,62,Expert,2.0620000000000003
905,8.72,Snowy,Medium,Evening,Car,18,7.0,64,Expert,1.2457142857142858
537,17.07,Clear,Medium,Morning,Bike,20,6.0,73,Expert,2.845
345,8.27,Clear,High,Afternoon,Scooter,13,5.0,58,Expert,1.654
995,7.54,Snowy,Low,Afternoon,Bike,20,5.0,55,Expert,1.508
482,14.07,Clear,High,Afternoon,Bike,5,8.0,67,Expert,1.75875
576,19.02,Clear,Medium,Afternoon,Bike,29,9.0,87,Expert,2.1133333333333333
34,19.0,Clear,High,Morning,Car,28,3.0,96,Intermediate,6.333333333333333
32,3.83,Rainy,Medium,Afternoon,Bike,12,9.0,30,Expert,0.4255555555555556
232,10.3,Clear,Low,Evening,Scooter,19,8.0,48,Expert,1.2875
964,8.09,Clear,High,Afternoon,Scooter,15,4.0,51,Expert,2.0225
193,18.06,Clear,Medium,Night,Bike,9,8.0,52,Expert,2.2575
334,2.76,Windy,Medium,Morning,Scooter,8,5.0,22,Expert,0.5519999999999999
4,12.17,Snowy,Low,Evening,Bike,20,8.0,68,Expert,1.52125
205,12.33,Clear,Medium,Evening,Bike,22,9.0,75,Expert,1.37
515,1.38,Clear,Medium,Evening,Scooter,5,8.0,13,Expert,0.1725
800,18.49,Clear,Low,Afternoon,Scooter,14,6.0,71,Expert,3.0816666666666666
307,10.57,Snowy,Low,Afternoon,Bike,28,9.0,59,Expert,1.1744444444444444
110,2.0,Clear,High,Evening,Scooter,10,2.0,30,Intermediate,1.0
431,3.29,Clear,Medium,Afternoon,Scooter,17,4.0,32,Expert,0.8225
78,1.94,Rainy,Medium,Morning,Bike,16,0.0,35,Newbie,0.0
85,6.56,Windy,Medium,Morning,Bike,14,1.0,47,Intermediate,6.56
287,9.58,Clear,High,Afternoon,Car,26,8.0,60,Expert,1.1975
83,6.95,Clear,Medium,Morning,Scooter,25,2.0,58,Intermediate,3.475
992,14.05,Clear,High,Morning,Scooter,19,0.0,72,Newbie,0.0
790,18.97,Rainy,High,Night,Bike,20,8.0,108,Expert,2.37125
895,13.53,Rainy,Low,Evening,Bike,28,8.0,78,Expert,1.69125
399,15.14,Rainy,Medium,Morning,Bike,8,6.0,66,Expert,2.5233333333333334
324,5.96,Clear,Low,Afternoon,Bike,26,6.0,48,Expert,0.9933333333333333
520,3.43,Windy,Medium,Morning,Bike,7,6.0,23,Expert,0.5716666666666667
917,6.24,Clear,Medium,Evening,Bike,15,3.0,52,Intermediate,2.08
923,17.94,Rainy,High,Evening,Scooter,22,6.0,85,Expert,2.99
6,3.54,Rainy,Medium,Evening,Bike,10,5.0,32,Expert,0.708
732,16.38,Rainy,Medium,Night,Bike,7,5.0,90,Expert,3.276
466,7.81,Clear,Low,Evening,Bike,11,4.0,42,Expert,1.9525
98,8.84,Clear,Medium,Morning,Bike,26,0.0,57,Newbie,0.0
267,14.09,Clear,Medium,Afternoon,Scooter,12,3.0,55,Intermediate,4.696666666666666
358,11.92,Clear,Low,Afternoon,Scooter,14,4.0,46,Expert,2.98
869,17.3,Clear,Low,Evening,Scooter,9,0.0,67,Newbie,0.0
799,14.08,Clear,High,Morning,Bike,28,6.0,66,Expert,2.3466666666666667
381,2.8,Clear,High,Afternoon,Bike,28,1.0,50,Intermediate,2.8
632,17.96,Clear,Medium,Morning,Bike,22,2.0,76,Intermediate,7.031874999999999
382,14.09,Clear,High,Afternoon,Bike,12,6.0,67,Expert,2.348333333333333
491,9.39,Clear,Low,Morning,Bike,14,2.0,37,Intermediate,4.695
119,17.9,Clear,Low,Morning,Bike,23,5.0,85,Expert,3.5799999999999996
901,4.55,Rainy,Low,Afternoon,Bike,5,6.0,21,Expert,0.7583333333333333
251,6.24,Snowy,Low,Afternoon,Bike,20,4.0,51,Expert,1.56
524,16.92,Clear,Low,Morning,Scooter,29,0.0,70,Newbie,0.0
10,14.31,Clear,Medium,Morning,Bike,9,8.0,47,Expert,1.78875
197,14.66,Windy,Medium,Morning,Bike,20,2.0,77,Intermediate,7.031874999999999
604,2.23,Clear,Low,Morning,Bike,7,6.0,14,Expert,0.37166666666666665
82,12.65,Clear,Low,Evening,Bike,15,4.0,66,Expert,3.1625
784,7.24,Rainy,Medium,Evening,Bike,28,6.0,65,Expert,1.2066666666666668
588,3.01,Clear,Medium,Evening,Bike,14,4.0,26,Expert,0.7525
798,11.52,Clear,Medium,Morning,Scooter,25,2.0,58,Intermediate,5.76
240,3.95,Clear,Low,Afternoon,Bike,13,5.0,25,Expert,0.79
291,1.09,Clear,Medium,Morning,Scooter,6,2.0,17,Intermediate,0.545
212,13.99,Clear,High,Evening,Scooter,7,3.0,96,Intermediate,4.663333333333333
718,19.32,Rainy,High,Morning,Car,21,7.0,112,Expert,2.7600000000000002
360,11.72,Rainy,Low,Evening,Bike,11,9.0,42,Expert,1.3022222222222224
450,2.13,Rainy,Low,Morning,Scooter,9,2.0,22,Intermediate,1.065
228,8.17,Clear,Medium,Afternoon,Scooter,20,9.0,44,Expert,0.9077777777777778
951,12.21,Clear,High,Morning,Bike,9,4.0,57,Expert,3.0525
947,3.17,Clear,Medium,Evening,Scooter,17,6.0,33,Expert,0.5283333333333333
797,18.68,Snowy,Low,Afternoon,Bike,11,8.0,62,Expert,2.335
502,10.95,Clear,Medium,Evening,Scooter,24,4.0,55,Expert,2.7375
465,19.26,Windy,Medium,Morning,Scooter,21,6.0,67,Expert,3.2100000000000004
363,9.44,Rainy,Medium,Evening,Scooter,28,8.0,63,Expert,1.18
469,4.86,Foggy,Medium,Evening,Car,25,4.0,52,Expert,1.215
936,5.81,Foggy,Low,Afternoon,Bike,25,8.0,51,Expert,0.72625
429,7.34,Rainy,Low,Evening,Bike,22,8.0,47,Expert,0.9175
8,17.39,Foggy,Medium,Morning,Bike,25,4.0,100,Expert,4.3475
156,5.22,Snowy,Low,Evening,Bike,11,9.0,40,Expert,0.58
542,12.32,Clear,Medium,Evening,Scooter,17,4.0,71,Expert,3.08
441,2.15,Windy,Medium,Afternoon,Car,17,6.0,30,Expert,0.35833333333333334
483,9.36,Rainy,High,Morning,Scooter,17,2.0,65,Intermediate,4.68
423,2.28,Clear,Medium,Evening,Scooter,27,9.0,39,Expert,0.2533333333333333
779,14.54,Clear,Medium,Evening,Bike,29,2.0,73,Intermediate,7.031874999999999
950,12.15,Clear,High,Morning,Car,12,6.0,63,Expert,2.025
335,1.4,Windy,Low,Evening,Bike,9,9.0,17,Expert,0.15555555555555556
577,3.37,Clear,High,Morning,Bike,9,5.0,28,Expert,0.674
935,3.85,Rainy,Medium,Afternoon,Bike,26,3.0,46,Intermediate,1.2833333333333334
568,9.03,Clear,Low,Morning,Bike,11,5.0,43,Expert,1.8059999999999998
595,17.99,Snowy,Low,Afternoon,Bike,15,3.0,63,Intermediate,5.996666666666666
531,16.35,Clear,Medium,Morning,Bike,16,0.0,66,Newbie,0.0
582,19.61,Clear,High,Evening,Bike,8,6.0,72,Expert,3.268333333333333
708,16.29,Clear,Low,Morning,Bike,20,1.0,72,Intermediate,7.031874999999999
449,7.84,Windy,Low,Afternoon,Bike,6,4.0,28,Expert,1.96
454,18.17,Rainy,Low,Afternoon,Car,13,0.0,71,Newbie,0.0
229,17.89,Windy,Low,Morning,Bike,27,1.0,101,Intermediate,7.031874999999999
353,13.34,Clear,Medium,Night,Bike,20,6.0,53,Expert,2.223333333333333
729,4.43,Foggy,Low,Morning,Scooter,10,1.0,63,Intermediate,4.43
213,13.21,Clear,Medium,Morning,Scooter,12,4.0,63,Expert,3.3025
80,2.76,Windy,Medium,Night,Bike,6,2.0,27,Intermediate,1.38
149,1.5,Foggy,Medium,Evening,Scooter,15,4.0,32,Expert,0.375
303,11.04,Clear,Medium,Afternoon,Scooter,8,2.0,54,Intermediate,5.52
629,1.22,Clear,Medium,Evening,Scooter,6,5.0,14,Expert,0.244
778,14.58,Clear,Low,Afternoon,Bike,13,5.0,57,Expert,2.916
507,18.26,Rainy,High,Night,Scooter,28,7.0,93,Expert,2.608571428571429
343,3.88,Foggy,Low,Evening,Car,27,9.0,42,Expert,0.4311111111111111
486,18.07,Clear,High,Afternoon,Scooter,5,2.0,67,Intermediate,7.031874999999999
712,12.11,Clear,Medium,Evening,Bike,28,0.0,75,Newbie,0.0
134,7.08,Clear,Medium,Afternoon,Scooter,5,8.0,27,Expert,0.885
704,3.12,Rainy,Low,Evening,Scooter,14,5.0,28,Expert,0.624
312,2.03,Foggy,High,Evening,Car,14,4.0,36,Expert,0.5075
723,1.8,Clear,Medium,Night,Bike,14,1.0,28,Intermediate,1.8
630,5.42,Clear,Low,Evening,Scooter,11,9.0,26,Expert,0.6022222222222222
1,7.8,Clear,Low,Evening,Scooter,23,5.0,52,Expert,1.56
317,8.47,Rainy,Low,Afternoon,Scooter,19,0.0,48,Newbie,0.0
707,6.79,Rainy,Low,Evening,Scooter,16,1.0,39,Intermediate,6.79
548,13.6,Rainy,Medium,Afternoon,Scooter,23,6.0,83,Expert,2.2666666666666666
873,13.06,Rainy,High,Morning,Bike,17,8.0,59,Expert,1.6325
533,19.93,Snowy,Low,Afternoon,Bike,6,6.0,59,Expert,3.3216666666666668
478,11.3,Snowy,Medium,Afternoon,Bike,15,8.0,70,Expert,1.4125
405,6.74,Rainy,Medium,Evening,Car,21,9.0,47,Expert,0.7488888888888889
173,10.49,Rainy,Low,Morning,Bike,28,9.0,66,Expert,1.1655555555555557
126,8.83,Clear,Medium,Evening,Scooter,12,3.0,109,Intermediate,2.9433333333333334
395,7.15,Clear,High,Night,Car,29,7.0,60,Expert,1.0214285714285716
421,15.94,Clear,Low,Evening,Bike,24,2.0,77,Intermediate,7.031874999999999
553,11.26,Foggy,High,Afternoon,Bike,14,2.0,70,Intermediate,5.63
904,11.87,Clear,Medium,Morning,Bike,10,6.0,43,Expert,1.9783333333333333
91,2.83,Windy,Medium,Afternoon,Scooter,14,6.0,28,Expert,0.4716666666666667
940,11.74,Clear,Low,Afternoon,Car,20,1.0,52,Intermediate,7.031874999999999
182,2.71,Clear,Low,Morning,Scooter,6,1.0,20,Intermediate,2.71
275,10.47,Clear,High,Evening,Scooter,14,7.0,55,Expert,1.4957142857142858
896,4.5,Snowy,High,Evening,Bike,24,0.0,66,Newbie,0.0
70,19.74,Clear,Low,Morning,Car,21,7.0,71,Expert,2.82
292,1.23,Clear,Low,Evening,Bike,18,6.0,21,Expert,0.205
132,4.83,Clear,Low,Evening,Bike,11,1.0,29,Intermediate,4.83
301,1.51,Clear,High,Afternoon,Bike,14,2.0,32,Intermediate,0.755
425,1.62,Windy,Low,Evening,Bike,9,8.0,16,Expert,0.2025
327,11.31,Clear,High,Evening,Bike,20,0.0,67,Newbie,0.0
145,6.05,Clear,Medium,Morning,Car,24,0.0,48,Newbie,0.0
424,10.14,Clear,Medium,Morning,Scooter,20,1.0,59,Intermediate,7.031874999999999
581,9.45,Clear,Low,Afternoon,Car,13,0.0,49,Newbie,0.0
136,6.8,Clear,High,Evening,Bike,28,5.0,55,Expert,1.3599999999999999
451,15.65,Clear,Low,Afternoon,Bike,27,0.0,76,Newbie,0.0
165,2.26,Clear,Medium,Morning,Scooter,6,3.0,19,Intermediate,0.7533333333333333
29,12.05,Clear,Low,Evening,Scooter,29,4.0,61,Expert,3.0125
774,8.25,Windy,Medium,Evening,Car,24,4.0,62,Expert,2.0625
194,12.85,Rainy,Medium,Afternoon,Scooter,23,0.0,80,Newbie,0.0
389,15.14,Windy,Medium,Morning,Bike,15,4.0,71,Expert,3.785
853,4.59,Foggy,Low,Evening,Scooter,19,8.0,36,Expert,0.57375
170,12.02,Clear,Low,Afternoon,Bike,26,0.0,63,Newbie,0.0
706,19.8,Clear,High,Evening,Bike,7,3.0,88,Intermediate,6.6000000000000005
141,19.27,Foggy,High,Afternoon,Bike,14,6.0,92,Expert,3.2116666666666664
174,4.92,Clear,High,Morning,Scooter,12,0.0,41,Newbie,0.0
7,1.63,Rainy,Medium,Night,Bike,24,5.0,38,Expert,0.32599999999999996
746,18.04,Clear,Medium,Morning,Bike,8,5.0,71,Expert,3.6079999999999997
479,19.4,Snowy,Medium,Afternoon,Scooter,23,9.0,92,Expert,2.1555555555555554
74,16.4,Clear,High,Morning,Scooter,12,2.0,70,Intermediate,7.031874999999999
911,12.01,Clear,Low,Morning,Car,5,7.0,42,Expert,1.7157142857142857
814,18.46,Clear,Medium,Morning,Scooter,29,1.0,116,Intermediate,7.031874999999999
239,13.09,Windy,Low,Morning,Scooter,17,1.0,69,Intermediate,7.031874999999999
146,1.22,Foggy,High,Afternoon,Scooter,14,2.0,38,Intermediate,0.61
793,10.36,Rainy,Medium,Afternoon,Bike,7,8.0,39,Expert,1.295
235,4.31,Rainy,Medium,Afternoon,Bike,9,2.0,35,Intermediate,2.155
221,13.32,Windy,Medium,Afternoon,Bike,26,0.0,71,Newbie,0.0
924,16.1,Clear,Low,Morning,Car,16,6.0,61,Expert,2.6833333333333336
501,14.11,Rainy,High,Morning,Scooter,24,3.0,93,Intermediate,4.703333333333333
133,2.84,Clear,Medium,Night,Scooter,28,1.0,44,Intermediate,2.84
991,16.09,Snowy,Low,Morning,Car,13,6.0,69,Expert,2.6816666666666666
775,16.05,Snowy,Medium,Evening,Bike,11,2.0,89,Intermediate,7.031874999999999
186,13.37,Windy,High,Afternoon,Scooter,17,8.0,63,Expert,1.67125
42,10.16,Snowy,Medium,Night,Bike,10,1.0,67,Intermediate,7.031874999999999
697,6.13,Clear,Medium,Night,Scooter,22,0.0,48,Newbie,0.0
109,4.96,Rainy,Low,Afternoon,Car,10,7.0,28,Expert,0.7085714285714285
589,3.0,Clear,Low,Morning,Scooter,29,1.0,43,Intermediate,3.0
57,2.23,Snowy,Medium,Evening,Car,14,0.0,41,Newbie,0.0
406,17.96,Clear,Medium,Evening,Scooter,26,0.0,74,Newbie,0.0
443,7.8,Rainy,Medium,Morning,Bike,11,7.0,49,Expert,1.1142857142857143
758,10.9,Clear,High,Afternoon,Scooter,6,8.0,47,Expert,1.3625
998,3.17,Clear,Low,Afternoon,Bike,17,1.0,28,Intermediate,3.17
25,9.39,Windy,Medium,Morning,Scooter,21,9.0,50,Expert,1.0433333333333334
468,17.44,Clear,Low,Evening,Bike,25,9.0,89,Expert,1.9377777777777778
540,3.02,Rainy,Medium,Morning,Bike,23,1.0,46,Intermediate,3.02
532,19.99,Rainy,High,Evening,Bike,17,1.0,112,Intermediate,7.031874999999999
619,16.22,Rainy,High,Evening,Bike,22,0.0,102,Newbie,0.0
695,2.74,Clear,High,Afternoon,Bike,18,9.0,37,Expert,0.30444444444444446
927,5.74,Rainy,High,Evening,Bike,13,9.0,46,Expert,0.6377777777777778
339,9.75,Clear,Low,Afternoon,Bike,22,7.0,50,Expert,1.3928571428571428
52,15.62,Rainy,Medium,Afternoon,Scooter,23,7.0,78,Expert,2.2314285714285713
508,16.54,Rainy,Medium,Afternoon,Bike,25,7.0,77,Expert,2.3628571428571425
517,7.84,Rainy,Low,Morning,Scooter,7,8.0,36,Expert,0.98
921,17.44,Clear,Low,Night,Car,23,0.0,85,Newbie,0.0
782,11.08,Windy,High,Afternoon,Bike,16,6.0,70,Expert,1.8466666666666667
265,17.61,Clear,Medium,Evening,Scooter,21,9.0,79,Expert,1.9566666666666666
818,8.28,Snowy,Low,Evening,Car,29,7.0,58,Expert,1.1828571428571428
711,15.32,Clear,Medium,Morning,Bike,17,6.0,80,Expert,2.5533333333333332
683,3.83,Rainy,Low,Evening,Car,27,3.0,49,Intermediate,1.2766666666666666
833,3.25,Rainy,Medium,Evening,Scooter,29,0.0,51,Newbie,0.0
519,19.75,Clear,Medium,Morning,Bike,25,1.0,103,Intermediate,7.031874999999999
448,15.19,Foggy,Low,Evening,Scooter,6,4.0,53,Expert,3.7975
19,8.92,Windy,Medium,Morning,Bike,25,4.0,62,Expert,2.23
716,18.63,Windy,Low,Afternoon,Bike,11,5.0,85,Expert,3.726
484,12.74,Clear,Low,Night,Scooter,18,0.0,67,Newbie,0.0
569,18.13,Rainy,High,Evening,Bike,21,2.0,88,Intermediate,7.031874999999999
434,2.47,Rainy,Low,Afternoon,Car,22,6.0,34,Expert,0.4116666666666667
368,18.15,Windy,Medium,Morning,Bike,11,2.0,89,Intermediate,7.031874999999999
84,1.74,Foggy,High,Afternoon,Scooter,8,9.0,28,Expert,0.19333333333333333
62,5.79,Windy,Medium,Morning,Bike,26,6.0,49,Expert,0.965
639,5.75,Windy,High,Morning,Scooter,7,4.0,37,Expert,1.4375
273,17.41,Snowy,Medium,Evening,Bike,20,4.0,80,Expert,4.3525
286,1.2,Rainy,Low,Morning,Scooter,24,7.0,33,Expert,0.17142857142857143
361,8.07,Windy,Low,Evening,Bike,21,4.0,48,Expert,2.0175
355,1.88,Clear,Medium,Morning,Scooter,24,7.0,35,Expert,0.26857142857142857
457,0.72,Rainy,Medium,Afternoon,Scooter,9,2.0,23,Intermediate,0.36
279,14.19,Clear,Medium,Afternoon,Bike,9,1.0,57,Intermediate,7.031874999999999
13,16.73,Windy,High,Afternoon,Scooter,9,7.0,71,Expert,2.39
183,18.53,Rainy,Low,Afternoon,Scooter,8,8.0,57,Expert,2.31625
369,4.32,Clear,Low,Morning,Bike,21,9.0,34,Expert,0.48000000000000004
882,13.6,Foggy,High,Evening,Bike,9,7.0,61,Expert,1.9428571428571428
616,18.46,Rainy,Low,Morning,Bike,19,9.0,94,Expert,2.051111111111111
224,7.67,Windy,Low,Morning,Car,9,2.0,31,Intermediate,3.835
573,8.23,Snowy,Low,Evening,Bike,17,3.0,56,Intermediate,2.7433333333333336
971,13.44,Clear,Low,Night,Bike,29,0.0,63,Newbie,0.0
654,15.04,Clear,Low,Morning,Car,24,5.0,60,Expert,3.008
546,7.48,Clear,Medium,Morning,Car,21,4.0,52,Expert,1.87
583,10.11,Rainy,Medium,Afternoon,Scooter,23,2.0,63,Intermediate,5.055
634,10.88,Snowy,Low,Afternoon,Car,13,3.0,52,Intermediate,3.626666666666667
177,13.97,Snowy,Low,Evening,Scooter,14,8.0,52,Expert,1.74625
666,3.48,Foggy,Low,Afternoon,Scooter,9,1.0,31,Intermediate,3.48
674,10.73,Foggy,Low,Morning,Bike,6,6.0,35,Expert,1.7883333333333333
586,5.18,Clear,Medium,Afternoon,Car,9,2.0,30,Intermediate,2.59
874,8.47,Foggy,Medium,Evening,Bike,24,0.0,68,Newbie,0.0
394,15.64,Rainy,Low,Morning,Bike,20,4.0,116,Expert,3.91
164,10.95,Snowy,Medium,Afternoon,Bike,9,1.0,65,Intermediate,7.031874999999999
249,19.29,Windy,Medium,Evening,Scooter,7,8.0,84,Expert,2.41125
635,2.59,Windy,Medium,Morning,Bike,13,5.0,28,Expert,0.518
886,3.98,Clear,High,Night,Car,19,3.0,41,Intermediate,1.3266666666666667
670,6.06,Foggy,Low,Afternoon,Scooter,10,8.0,41,Expert,0.7575
376,6.72,Foggy,Low,Evening,Bike,8,5.0,31,Expert,1.3439999999999999
413,19.04,Clear,Medium,Morning,Scooter,27,2.0,85,Intermediate,7.031874999999999
75,14.28,Windy,High,Afternoon,Scooter,23,5.0,77,Expert,2.856
114,16.26,Rainy,High,Morning,Bike,16,6.0,70,Expert,2.7100000000000004
599,4.25,Clear,Low,Afternoon,Bike,5,4.0,22,Expert,1.0625
962,12.26,Clear,Low,Afternoon,Bike,20,2.0,66,Intermediate,6.13
391,19.81,Clear,Low,Afternoon,Bike,27,1.0,74,Intermediate,7.031874999999999
105,18.2,Windy,Medium,Morning,Bike,27,1.0,108,Intermediate,7.031874999999999
115,12.85,Rainy,Medium,Morning,Scooter,14,8.0,73,Expert,1.60625
418,6.91,Clear,Low,Evening,Bike,27,8.0,91,Expert,0.86375
526,9.64,Clear,Low,Morning,Bike,10,5.0,46,Expert,1.9280000000000002
458,9.64,Rainy,Medium,Evening,Bike,14,6.0,52,Expert,1.6066666666666667
410,2.28,Foggy,Medium,Morning,Scooter,27,6.0,44,Expert,0.37999999999999995
93,15.34,Rainy,Low,Afternoon,Bike,18,6.0,54,Expert,2.5566666666666666
931,3.22,Rainy,Medium,Night,Bike,14,8.0,34,Expert,0.4025
90,9.71,Clear,Low,Morning,Bike,8,1.0,49,Intermediate,7.031874999999999
337,17.18,Clear,Medium,Night,Scooter,13,1.0,62,Intermediate,7.031874999999999
989,5.3,Clear,Medium,Afternoon,Scooter,29,3.0,47,Intermediate,1.7666666666666666
922,10.0,Clear,Medium,Afternoon,Scooter,6,9.0,47,Expert,1.1111111111111112
934,10.75,Rainy,Medium,Morning,Bike,8,6.0,60,Expert,1.7916666666666667
606,9.49,Rainy,Medium,Morning,Car,23,6.0,53,Expert,1.5816666666666668
594,7.24,Clear,Medium,Afternoon,Bike,28,7.0,57,Expert,1.0342857142857143
612,16.09,Rainy,Low,Morning,Bike,21,8.0,66,Expert,2.01125
95,15.53,Clear,Low,Morning,Bike,26,6.0,83,Expert,2.5883333333333334
12,19.41,Windy,Low,Morning,Bike,11,8.0,62,Expert,2.42625
397,17.24,Clear,Low,Evening,Bike,17,5.0,69,Expert,3.4479999999999995
534,11.33,Clear,Low,Morning,Bike,25,3.0,60,Intermediate,3.776666666666667
44,18.23,Rainy,Low,Afternoon,Scooter,27,9.0,86,Expert,2.0255555555555556
43,1.17,Clear,Medium,Morning,Bike,16,9.0,25,Expert,0.13
330,5.33,Clear,Low,Evening,Car,29,1.0,51,Intermediate,5.33
168,4.14,Rainy,Low,Morning,Bike,23,2.0,41,Intermediate,2.07
498,2.02,Clear,High,Evening,Bike,28,5.0,44,Expert,0.404
877,14.46,Rainy,Medium,Morning,Scooter,11,9.0,68,Expert,1.6066666666666667
598,3.86,Clear,Medium,Afternoon,Bike,21,8.0,34,Expert,0.4825
757,12.59,Windy,Medium,Morning,Bike,13,9.0,62,Expert,1.3988888888888888
101,1.11,Clear,High,Morning,Scooter,22,8.0,35,Expert,0.13875
427,9.11,Clear,Low,Afternoon,Bike,19,6.0,42,Expert,1.5183333333333333
179,18.77,Snowy,Medium,Evening,Bike,24,0.0,115,Newbie,0.0
445,16.35,Foggy,Medium,Night,Bike,16,6.0,67,Expert,2.725
417,6.22,Clear,Low,Afternoon,Bike,16,9.0,29,Expert,0.6911111111111111
871,7.78,Foggy,High,Afternoon,Bike,25,3.0,74,Intermediate,2.5933333333333333
883,0.88,Rainy,Low,Night,Car,27,2.0,37,Intermediate,0.44
681,16.43,Clear,Low,Evening,Bike,13,5.0,56,Expert,3.286
178,8.04,Clear,Medium,Evening,Car,27,0.0,65,Newbie,0.0
396,18.65,Foggy,Low,Night,Car,19,2.0,68,Intermediate,7.031874999999999
912,5.73,Foggy,Low,Morning,Scooter,7,2.0,30,Intermediate,2.865
794,12.42,Rainy,Low,Evening,Bike,28,9.0,79,Expert,1.38
961,2.11,Clear,Low,Afternoon,Scooter,28,5.0,34,Expert,0.422
685,18.62,Clear,Low,Evening,Scooter,27,6.0,75,Expert,3.1033333333333335
384,17.61,Clear,Medium,Morning,Scooter,19,3.0,80,Intermediate,5.87
957,10.62,Rainy,Medium,Night,Bike,7,2.0,48,Intermediate,5.31
752,18.83,Clear,Medium,Night,Bike,8,0.0,68,Newbie,0.0
258,14.07,Clear,Medium,Morning,Bike,16,9.0,73,Expert,1.5633333333333335
539,9.29,Clear,Medium,Evening,Bike,10,9.0,40,Expert,1.0322222222222222
336,1.29,Rainy,Low,Evening,Bike,7,7.0,15,Expert,0.1842857142857143
16,4.08,Windy,Medium,Afternoon,Bike,7,0.0,33,Newbie,0.0
325,19.12,Windy,High,Evening,Car,8,0.0,92,Newbie,0.0
759,17.93,Clear,Medium,Afternoon,Bike,29,4.0,85,Expert,4.4825
223,2.33,Clear,Low,Morning,Car,6,1.0,17,Intermediate,2.33
180,3.18,Rainy,Medium,Evening,Bike,21,3.0,42,Intermediate,1.06
984,1.97,Clear,High,Morning,Car,28,7.0,43,Expert,0.2814285714285714
23,6.2,Windy,High,Evening,Scooter,7,3.0,42,Intermediate,2.066666666666667
357,1.02,Windy,High,Evening,Bike,6,8.0,21,Expert,0.1275
667,5.3,Clear,Low,Evening,Bike,16,5.0,32,Expert,1.06
862,9.34,Rainy,Low,Evening,Car,10,0.0,40,Newbie,0.0
341,10.09,Clear,Medium,Evening,Bike,7,0.0,49,Newbie,0.0
432,15.35,Rainy,High,Night,Scooter,23,9.0,80,Expert,1.7055555555555555
552,17.12,Rainy,Low,Morning,Bike,26,3.0,86,Intermediate,5.706666666666667
834,3.94,Snowy,Low,Afternoon,Bike,19,3.0,43,Intermediate,1.3133333333333332
204,18.02,Clear,Medium,Evening,Car,12,3.0,77,Intermediate,6.006666666666667
631,14.41,Snowy,Medium,Evening,Bike,8,8.0,75,Expert,1.80125
94,11.44,Rainy,Medium,Evening,Car,20,2.0,57,Intermediate,5.72
559,15.23,Foggy,Low,Morning,Car,6,0.0,52,Newbie,0.0
69,1.95,Clear,Low,Morning,Scooter,16,2.0,23,Intermediate,0.975
623,7.72,Rainy,Medium,Morning,Bike,11,5.0,36,Expert,1.544
285,11.78,Clear,Low,Afternoon,Scooter,26,3.0,71,Intermediate,3.9266666666666663
845,3.4,Windy,Medium,Morning,Bike,11,6.0,30,Expert,0.5666666666666667
435,2.14,Clear,High,Evening,Bike,18,3.0,34,Intermediate,0.7133333333333334
154,10.04,Rainy,High,Afternoon,Bike,12,9.0,59,Expert,1.1155555555555554
76,14.72,Clear,Medium,Evening,Scooter,15,8.0,80,Expert,1.84
731,3.7,Clear,Medium,Morning,Bike,28,7.0,45,Expert,0.5285714285714286
447,19.73,Rainy,Low,Evening,Bike,8,8.0,64,Expert,2.46625
189,10.83,Clear,Medium,Evening,Scooter,8,9.0,51,Expert,1.2033333333333334
272,16.3,Foggy,Low,Morning,Car,12,1.0,100,Intermediate,7.031874999999999
237,5.98,Foggy,High,Morning,Bike,14,6.0,44,Expert,0.9966666666666667
488,5.98,Rainy,High,Morning,Bike,21,2.0,60,Intermediate,2.99
118,4.14,Foggy,Medium,Morning,Bike,21,0.0,46,Newbie,0.0
944,16.68,Clear,Medium,Afternoon,Bike,9,9.0,63,Expert,1.8533333333333333
513,18.69,Windy,Medium,Night,Bike,23,9.0,74,Expert,2.0766666666666667
826,18.44,Rainy,High,Morning,Bike,27,7.0,80,Expert,2.6342857142857143
592,13.0,Windy,High,Morning,Bike,22,8.0,65,Expert,1.625
127,16.45,Clear,Medium,Evening,Scooter,25,3.0,87,Intermediate,5.483333333333333
117,16.17,Clear,Medium,Evening,Car,10,2.0,116,Intermediate,7.031874999999999
474,17.88,Clear,Medium,Evening,Bike,29,3.0,98,Intermediate,5.96
694,5.23,Clear,Medium,Morning,Scooter,19,4.0,37,Expert,1.3075
58,4.32,Clear,Medium,Morning,Bike,17,4.0,36,Expert,1.08
864,9.09,Rainy,Medium,Morning,Bike,6,7.0,43,Expert,1.2985714285714285
913,12.67,Windy,Medium,Morning,Scooter,7,3.0,43,Intermediate,4.223333333333334
370,1.85,Clear,Medium,Evening,Bike,10,1.0,24,Intermediate,1.85
269,7.51,Rainy,Low,Evening,Car,27,6.0,50,Expert,1.2516666666666667
47,6.58,Clear,Low,Afternoon,Bike,13,1.0,34,Intermediate,6.58
350,12.7,Clear,Low,Morning,Scooter,22,2.0,57,Intermediate,6.35
196,7.31,Foggy,Medium,Afternoon,Bike,26,2.0,65,Intermediate,3.655
1000,9.2,Clear,High,Morning,Scooter,9,9.0,48,Expert,1.0222222222222221
835,10.22,Foggy,Low,Afternoon,Scooter,21,0.0,61,Newbie,0.0
737,8.15,Clear,High,Evening,Scooter,12,9.0,43,Expert,0.9055555555555556
264,10.61,Clear,Medium,Morning,Bike,17,0.0,59,Newbie,0.0
444,7.73,Clear,High,Night,Bike,29,5.0,58,Expert,1.546
676,19.66,Clear,Low,Morning,Car,19,6.0,70,Expert,3.276666666666667
305,14.66,Snowy,High,Morning,Car,5,6.0,71,Expert,2.4433333333333334
342,9.73,Clear,Low,Afternoon,Bike,29,6.0,60,Expert,1.6216666666666668
967,14.52,Clear,Medium,Afternoon,Car,26,5.0,86,Expert,2.904
150,5.93,Foggy,High,Morning,Scooter,27,1.0,106,Intermediate,5.93
125,4.94,Rainy,High,Evening,Scooter,28,4.0,63,Expert,1.235
787,11.88,Rainy,High,Afternoon,Car,29,9.0,78,Expert,1.32
51,19.41,Foggy,Medium,Morning,Car,7,6.0,66,Expert,3.235
354,3.68,Clear,High,Afternoon,Car,16,6.0,47,Expert,0.6133333333333334
928,11.06,Clear,High,Evening,Bike,6,9.0,53,Expert,1.228888888888889
143,10.2,Rainy,Medium,Afternoon,Bike,18,9.0,56,Expert,1.1333333333333333
471,0.74,Rainy,Low,Morning,Car,13,4.0,21,Expert,0.185
400,15.21,Snowy,Medium,Afternoon,Bike,20,9.0,90,Expert,1.6900000000000002
626,7.69,Rainy,High,Morning,Scooter,16,3.0,58,Intermediate,2.5633333333333335
321,11.21,Clear,High,Afternoon,Scooter,23,1.0,76,Intermediate,7.031874999999999
20,6.18,Clear,Medium,Evening,Bike,9,9.0,35,Expert,0.6866666666666666
810,2.71,Clear,Medium,Morning,Car,6,5.0,19,Expert,0.542
791,3.49,Clear,Medium,Morning,Bike,17,2.0,38,Intermediate,1.745
809,9.29,Clear,Medium,Morning,Bike,17,2.0,49,Intermediate,4.645
408,0.71,Foggy,Low,Night,Bike,29,1.0,41,Intermediate,0.71
538,5.32,Rainy,Low,Afternoon,Scooter,27,2.0,48,Intermediate,2.66
621,4.1,Clear,Medium,Evening,Car,18,3.0,38,Intermediate,1.3666666666666665
39,13.84,Clear,Low,Morning,Scooter,18,5.0,64,Expert,2.768
176,3.9,Rainy,High,Morning,Car,25,9.0,54,Expert,0.43333333333333335
246,18.6,Rainy,Medium,Morning,Car,28,9.0,77,Expert,2.066666666666667
829,14.88,Snowy,Medium,Evening,Bike,10,0.0,64,Newbie,0.0
668,3.63,Windy,Medium,Morning,Car,22,9.0,39,Expert,0.4033333333333333
755,3.22,Windy,High,Morning,Car,7,7.0,27,Expert,0.46
859,11.51,Foggy,Low,Afternoon,Car,5,7.0,57,Expert,1.6442857142857144
155,19.72,Rainy,Low,Afternoon,Bike,27,6.0,109,Expert,3.2866666666666666
288,11.08,Clear,Low,Evening,Scooter,28,2.0,58,Intermediate,5.54
603,3.95,Clear,Medium,Morning,Car,28,5.0,47,Expert,0.79
570,7.29,Clear,High,Evening,Car,11,7.0,48,Expert,1.0414285714285714
744,10.3,Clear,Low,Morning,Car,12,7.0,41,Expert,1.4714285714285715
18,10.73,Rainy,High,Afternoon,Car,27,6.0,83,Expert,1.7883333333333333
128,17.28,Clear,Low,Morning,Car,28,3.0,72,Intermediate,5.760000000000001
323,13.37,Foggy,Medium,Evening,Scooter,16,9.0,71,Expert,1.4855555555555555
256,11.36,Clear,Medium,Morning,Scooter,8,2.0,52,Intermediate,5.68
658,7.58,Clear,High,Afternoon,Scooter,19,9.0,57,Expert,0.8422222222222222
965,6.13,Rainy,High,Morning,Bike,25,6.0,59,Expert,1.0216666666666667
191,2.32,Clear,Low,Afternoon,Scooter,23,1.0,32,Intermediate,2.32
116,17.49,Rainy,Low,Evening,Bike,27,9.0,97,Expert,1.9433333333333331
617,1.69,Windy,Medium,Afternoon,Car,11,7.0,20,Expert,0.2414285714285714
607,4.52,Clear,Low,Evening,Car,17,0.0,71,Newbie,0.0
181,7.15,Windy,Low,Morning,Bike,15,3.0,42,Intermediate,2.3833333333333333
302,10.86,Windy,Medium,Morning,Car,10,4.0,60,Expert,2.715
760,15.88,Rainy,Low,Evening,Car,17,1.0,68,Intermediate,7.031874999999999
713,9.7,Snowy,Low,Evening,Bike,6,5.0,45,Expert,1.94
724,14.95,Clear,Medium,Morning,Bike,13,7.0,49,Expert,2.1357142857142857
686,11.36,Foggy,Low,Afternoon,Bike,6,4.0,47,Expert,2.84
980,12.14,Foggy,High,Afternoon,Bike,12,0.0,65,Newbie,0.0
518,16.31,Foggy,Medium,Afternoon,Car,14,7.0,71,Expert,2.3299999999999996
985,14.7,Clear,Medium,Evening,Scooter,24,5.0,75,Expert,2.94
46,13.42,Rainy,Medium,Evening,Bike,6,6.0,105,Expert,2.236666666666667
910,7.9,Clear,Low,Afternoon,Scooter,22,5.0,48,Expert,1.58
158,15.35,Foggy,Low,Morning,Car,5,3.0,56,Intermediate,5.116666666666666
852,15.12,Foggy,Low,Morning,Bike,14,1.0,58,Intermediate,7.031874999999999
172,0.82,Windy,Low,Morning,Car,18,9.0,23,Expert,0.0911111111111111
17,6.43,Clear,Low,Evening,Car,9,7.0,26,Expert,0.9185714285714285
512,8.66,Snowy,High,Morning,Bike,29,3.0,77,Intermediate,2.8866666666666667
49,11.16,Foggy,Medium,Afternoon,Car,21,4.0,77,Expert,2.79
972,18.77,Foggy,Low,Afternoon,Car,15,5.0,71,Expert,3.754
941,5.84,Clear,Medium,Evening,Bike,21,7.0,35,Expert,0.8342857142857143
516,1.01,Clear,High,Night,Bike,17,7.0,29,Expert,0.1442857142857143
953,3.92,Rainy,Medium,Night,Bike,20,9.0,41,Expert,0.43555555555555553
481,12.77,Foggy,Low,Morning,Bike,22,8.0,71,Expert,1.59625
284,2.33,Clear,Low,Evening,Bike,9,2.0,18,Intermediate,1.165
719,2.92,Windy,High,Afternoon,Bike,24,4.0,48,Expert,0.73
878,13.35,Rainy,Low,Evening,Scooter,14,4.0,91,Expert,3.3375
226,5.26,Rainy,Medium,Evening,Scooter,28,8.0,51,Expert,0.6575
27,4.39,Foggy,Medium,Night,Bike,12,8.0,38,Expert,0.54875
955,8.67,Windy,High,Morning,Bike,20,4.0,55,Expert,2.1675
438,16.53,Snowy,Low,Afternoon,Scooter,24,9.0,99,Expert,1.836666666666667
952,13.47,Clear,Medium,Evening,Bike,19,4.0,59,Expert,3.3675
365,18.86,Snowy,Medium,Night,Bike,18,1.0,89,Intermediate,7.031874999999999
230,12.81,Clear,Low,Morning,Bike,12,2.0,51,Intermediate,6.405
38,2.4,Snowy,Low,Night,Scooter,27,5.0,42,Expert,0.48
966,7.44,Rainy,Medium,Evening,Bike,6,1.0,39,Intermediate,7.031874999999999
375,1.89,Clear,Medium,Evening,Scooter,13,7.0,22,Expert,0.26999999999999996
470,19.28,Snowy,Medium,Morning,Car,21,3.0,101,Intermediate,6.426666666666667
968,6.29,Clear,Medium,Morning,Scooter,10,7.0,27,Expert,0.8985714285714286
851,1.81,Clear,Medium,Afternoon,Car,23,3.0,34,Intermediate,0.6033333333333334
705,1.74,Clear,Medium,Night,Bike,23,2.0,34,Intermediate,0.87
842,13.44,Clear,Medium,Morning,Car,22,1.0,79,Intermediate,7.031874999999999
195,7.11,Clear,Low,Afternoon,Scooter,27,5.0,48,Expert,1.4220000000000002
855,4.5,Windy,Low,Evening,Scooter,20,6.0,32,Expert,0.75
865,8.31,Windy,Medium,Morning,Bike,6,5.0,44,Expert,1.6620000000000001
504,16.37,Clear,High,Morning,Bike,26,7.0,97,Expert,2.3385714285714285
970,9.78,Clear,Medium,Afternoon,Bike,18,3.0,58,Intermediate,3.26
831,4.88,Windy,Medium,Afternoon,Scooter,26,7.0,48,Expert,0.6971428571428572
580,5.54,Rainy,Medium,Morning,Scooter,28,9.0,51,Expert,0.6155555555555555
969,11.54,Clear,High,Afternoon,Car,10,0.0,56,Newbie,0.0
163,12.85,Clear,Low,Afternoon,Scooter,5,5.0,54,Expert,2.57
909,5.56,Clear,Low,Afternoon,Scooter,19,5.0,31,Expert,1.1119999999999999
153,3.33,Clear,Medium,Evening,Scooter,24,2.0,44,Intermediate,1.665
802,3.47,Snowy,High,Night,Bike,24,9.0,53,Expert,0.3855555555555556
994,12.01,Clear,Low,Morning,Scooter,26,6.0,57,Expert,2.0016666666666665
756,15.98,Foggy,Low,Morning,Car,21,6.0,90,Expert,2.6633333333333336
112,3.64,Clear,Low,Morning,Scooter,16,3.0,26,Intermediate,1.2133333333333334
227,19.47,Clear,Low,Morning,Bike,16,8.0,83,Expert,2.43375
689,15.51,Rainy,Medium,Morning,Scooter,10,8.0,81,Expert,1.93875
104,10.42,Windy,Medium,Afternoon,Bike,28,3.0,72,Intermediate,3.473333333333333
422,15.9,Rainy,Low,Evening,Car,19,5.0,78,Expert,3.18
420,15.17,Windy,Low,Morning,Bike,25,4.0,77,Expert,3.7925
751,2.78,Rainy,Low,Morning,Bike,21,4.0,37,Expert,0.695
587,1.98,Rainy,Low,Afternoon,Bike,22,0.0,39,Newbie,0.0
781,14.03,Clear,Low,Afternoon,Bike,17,2.0,65,Intermediate,7.015
673,2.06,Foggy,Medium,Evening,Scooter,22,4.0,40,Expert,0.515
120,11.02,Clear,High,Morning,Scooter,22,2.0,70,Intermediate,5.51
54,17.95,Snowy,High,Morning,Scooter,16,5.0,96,Expert,3.59
152,5.17,Foggy,Low,Morning,Bike,29,0.0,56,Newbie,0.0
404,16.62,Snowy,Low,Afternoon,Bike,26,8.0,94,Expert,2.0775
946,0.71,Rainy,Low,Morning,Car,25,8.0,31,Expert,0.08875
208,13.44,Clear,Medium,Evening,Scooter,9,5.0,55,Expert,2.6879999999999997
659,13.1,Clear,Low,Evening,Bike,28,2.0,72,Intermediate,6.55
844,19.24,Rainy,High,Afternoon,Bike,9,7.0,75,Expert,2.748571428571428
763,5.35,Clear,Medium,Afternoon,Scooter,24,6.0,43,Expert,0.8916666666666666
9,12.22,Clear,Low,Evening,Scooter,15,0.0,56,Newbie,0.0
808,18.55,Clear,Low,Afternoon,Car,11,9.0,69,Expert,2.0611111111111113
37,6.44,Clear,Low,Afternoon,Car,18,2.0,43,Intermediate,3.22
453,8.77,Foggy,Medium,Evening,Car,14,7.0,49,Expert,1.252857142857143
652,10.97,Clear,Low,Afternoon,Scooter,27,3.0,51,Intermediate,3.6566666666666667
254,6.68,Clear,High,Morning,Scooter,10,5.0,44,Expert,1.3359999999999999
304,12.93,Rainy,Low,Afternoon,Scooter,25,0.0,61,Newbie,0.0
747,7.99,Clear,Medium,Evening,Bike,18,4.0,42,Expert,1.9975
572,15.78,Clear,High,Afternoon,Scooter,12,1.0,68,Intermediate,7.031874999999999
624,9.95,Windy,High,Evening,Scooter,21,5.0,72,Expert,1.9899999999999998
733,13.47,Rainy,Low,Afternoon,Scooter,7,6.0,46,Expert,2.245
892,17.19,Clear,Medium,Afternoon,Bike,11,8.0,76,Expert,2.14875
263,3.23,Clear,High,Afternoon,Bike,17,9.0,33,Expert,0.35888888888888887
611,1.27,Foggy,High,Afternoon,Bike,25,9.0,46,Expert,0.1411111111111111
298,4.71,Clear,Low,Morning,Bike,20,6.0,31,Expert,0.785
415,12.82,Rainy,Medium,Evening,Bike,28,9.0,72,Expert,1.4244444444444444
151,18.21,Clear,Low,Evening,Bike,6,3.0,74,Intermediate,6.07
789,9.51,Clear,High,Morning,Bike,26,9.0,63,Expert,1.0566666666666666
641,0.89,Rainy,Low,Morning,Car,9,0.0,20,Newbie,0.0
890,5.24,Windy,High,Afternoon,Scooter,26,8.0,51,Expert,0.655
551,10.64,Windy,Low,Evening,Car,11,9.0,36,Expert,1.1822222222222223
887,13.23,Clear,Medium,Night,Bike,20,8.0,70,Expert,1.65375
489,19.03,Clear,Medium,Morning,Scooter,8,8.0,65,Expert,2.37875
148,10.3,Rainy,Low,Evening,Bike,29,0.0,73,Newbie,0.0
147,12.39,Snowy,Medium,Evening,Bike,14,8.0,56,Expert,1.54875
721,18.8,Clear,High,Afternoon,Bike,23,7.0,95,Expert,2.685714285714286
932,16.78,Rainy,Medium,Morning,Bike,22,1.0,70,Intermediate,7.031874999999999
740,7.85,Clear,Low,Afternoon,Scooter,7,9.0,34,Expert,0.8722222222222222
660,11.63,Clear,Medium,Night,Scooter,29,7.0,57,Expert,1.6614285714285715
349,7.8,Windy,Medium,Afternoon,Car,17,6.0,44,Expert,1.3
464,11.88,Rainy,Medium,Afternoon,Bike,5,1.0,63,Intermediate,7.031874999999999
326,14.89,Clear,High,Evening,Car,22,9.0,88,Expert,1.6544444444444446
187,16.44,Rainy,High,Afternoon,Bike,12,5.0,86,Expert,3.2880000000000003
124,2.65,Clear,Medium,Afternoon,Car,14,4.0,35,Expert,0.6625
854,18.01,Foggy,High,Night,Bike,14,2.0,71,Intermediate,7.031874999999999
609,10.32,Clear,Medium,Night,Car,24,5.0,49,Expert,2.064
144,6.37,Rainy,Low,Afternoon,Car,29,4.0,56,Expert,1.5925
959,3.74,Rainy,Low,Morning,Bike,19,6.0,36,Expert,0.6233333333333334
198,17.99,Windy,High,Evening,Bike,5,1.0,73,Intermediate,7.031874999999999
610,13.96,Rainy,Low,Night,Bike,5,1.0,42,Intermediate,7.031874999999999
280,16.02,Clear,Low,Evening,Bike,20,7.0,61,Expert,2.2885714285714287
294,7.52,Clear,Medium,Afternoon,Car,17,9.0,44,Expert,0.8355555555555555
401,2.51,Clear,Low,Morning,Bike,16,2.0,28,Intermediate,1.255
123,6.7,Foggy,High,Morning,Scooter,23,3.0,59,Intermediate,2.2333333333333334
184,17.61,Windy,Low,Morning,Bike,5,8.0,61,Expert,2.20125
203,3.65,Clear,Medium,Morning,Bike,29,9.0,46,Expert,0.40555555555555556
439,14.27,Clear,Medium,Night,Car,24,3.0,77,Intermediate,4.756666666666667
247,8.85,Clear,Low,Afternoon,Bike,11,9.0,45,Expert,0.9833333333333333
416,9.24,Windy,Medium,Afternoon,Bike,8,2.0,49,Intermediate,4.62
933,19.7,Rainy,Low,Evening,Car,16,6.0,66,Expert,3.283333333333333
766,11.61,Clear,High,Morning,Car,19,1.0,67,Intermediate,7.031874999999999
907,16.44,Windy,High,Afternoon,Car,8,0.0,80,Newbie,0.0
836,8.67,Rainy,High,Afternoon,Bike,12,7.0,104,Expert,1.2385714285714287
888,5.14,Clear,Medium,Evening,Scooter,23,7.0,43,Expert,0.7342857142857142
130,10.46,Clear,Medium,Evening,Bike,25,3.0,68,Intermediate,3.486666666666667
638,5.23,Clear,Medium,Morning,Scooter,23,2.0,47,Intermediate,2.615
403,10.35,Clear,Medium,Night,Bike,7,9.0,48,Expert,1.15
785,4.04,Rainy,High,Evening,Bike,14,6.0,39,Expert,0.6733333333333333
771,2.66,Clear,Low,Afternoon,Bike,16,8.0,21,Expert,0.3325
736,17.61,Foggy,Medium,Afternoon,Bike,9,5.0,74,Expert,3.522
914,8.48,Clear,High,Night,Bike,11,5.0,39,Expert,1.6960000000000002
220,17.06,Clear,Low,Evening,Bike,9,9.0,66,Expert,1.8955555555555554
642,6.78,Foggy,Low,Night,Bike,18,6.0,42,Expert,1.1300000000000001
916,9.0,Snowy,Medium,Afternoon,Car,29,3.0,78,Intermediate,3.0
753,12.74,Clear,Low,Afternoon,Scooter,12,0.0,63,Newbie,0.0
807,18.72,Rainy,Medium,Afternoon,Bike,17,0.0,89,Newbie,0.0
920,3.23,Clear,Low,Morning,Bike,7,7.0,14,Expert,0.4614285714285714
625,12.56,Clear,Low,Morning,Car,22,8.0,49,Expert,1.57
875,1.0,Snowy,Medium,Morning,Bike,28,0.0,51,Newbie,0.0
761,3.46,Clear,Low,Morning,Bike,24,6.0,37,Expert,0.5766666666666667
387,6.0,Snowy,Low,Morning,Car,20,8.0,53,Expert,0.75
973,14.79,Clear,Medium,Morning,Scooter,12,9.0,64,Expert,1.6433333333333333
510,14.65,Snowy,High,Morning,Car,19,3.0,95,Intermediate,4.883333333333334
268,14.2,Clear,Medium,Afternoon,Bike,17,1.0,73,Intermediate,7.031874999999999
820,7.04,Clear,Low,Afternoon,Bike,11,8.0,38,Expert,0.88
442,19.74,Clear,Medium,Afternoon,Car,16,1.0,98,Intermediate,7.031874999999999
497,11.88,Rainy,Medium,Evening,Bike,20,8.0,69,Expert,1.485
113,18.63,Clear,Low,Evening,Bike,26,8.0,75,Expert,2.32875
692,8.8,Rainy,Medium,Afternoon,Bike,6,2.0,38,Intermediate,4.4
233,11.75,Clear,High,Morning,Bike,9,2.0,55,Intermediate,5.875
870,18.95,Snowy,Low,Morning,Car,27,0.0,92,Newbie,0.0
608,7.6,Foggy,Low,Morning,Bike,16,4.0,48,Expert,1.9
672,17.99,Foggy,Low,Morning,Car,11,2.0,84,Intermediate,7.031874999999999
374,13.82,Clear,Medium,Evening,Bike,21,9.0,72,Expert,1.5355555555555556
982,15.53,Foggy,Low,Evening,Bike,26,7.0,68,Expert,2.2185714285714284
843,3.97,Clear,High,Afternoon,Bike,19,8.0,40,Expert,0.49625
234,10.1,Clear,High,Morning,Car,17,6.0,55,Expert,1.6833333333333333
786,18.21,Foggy,Low,Morning,Bike,5,1.0,70,Intermediate,7.031874999999999
677,2.68,Clear,Low,Morning,Bike,16,8.0,25,Expert,0.335
318,3.88,Snowy,Low,Morning,Bike,9,6.0,33,Expert,0.6466666666666666
649,15.89,Snowy,Medium,Afternoon,Car,15,9.0,91,Expert,1.7655555555555555
411,6.73,Clear,Medium,Afternoon,Bike,21,1.0,54,Intermediate,6.73
899,0.75,Clear,Medium,Afternoon,Bike,10,5.0,16,Expert,0.15
710,13.79,Rainy,Low,Night,Scooter,11,0.0,69,Newbie,0.0
359,18.83,Clear,Medium,Evening,Scooter,5,8.0,69,Expert,2.35375
259,11.62,Clear,Low,Afternoon,Bike,9,8.0,33,Expert,1.4525
745,5.03,Clear,Medium,Morning,Bike,17,5.0,38,Expert,1.006
628,15.08,Rainy,Medium,Evening,Scooter,26,1.0,94,Intermediate,7.031874999999999
633,10.48,Rainy,Low,Afternoon,Car,10,7.0,45,Expert,1.497142857142857
283,7.82,Rainy,Medium,Evening,Bike,16,8.0,45,Expert,0.9775
377,16.98,Clear,Low,Morning,Bike,11,6.0,78,Expert,2.83
385,14.83,Rainy,Low,Morning,Car,19,4.0,116,Expert,3.7075
225,5.67,Clear,Low,Morning,Scooter,11,9.0,27,Expert,0.63
954,18.33,Snowy,Medium,Morning,Scooter,5,5.0,67,Expert,3.6659999999999995
815,17.46,Clear,Medium,Morning,Scooter,6,5.0,62,Expert,3.492
473,1.34,Foggy,High,Evening,Bike,9,5.0,30,Expert,0.268
348,1.38,Clear,Low,Morning,Scooter,13,9.0,17,Expert,0.15333333333333332
506,3.67,Clear,Low,Morning,Bike,9,0.0,26,Newbie,0.0
640,7.86,Windy,Medium,Morning,Car,22,2.0,55,Intermediate,3.93
988,8.98,Clear,Medium,Afternoon,Scooter,22,8.0,105,Expert,1.1225
929,12.85,Rainy,Medium,Evening,Scooter,6,7.0,61,Expert,1.8357142857142856
906,17.91,Clear,Low,Afternoon,Bike,6,7.0,68,Expert,2.5585714285714287
620,15.09,Snowy,Low,Morning,Car,20,7.0,68,Expert,2.1557142857142857
856,4.22,Clear,Medium,Morning,Bike,16,7.0,35,Expert,0.6028571428571429
804,12.33,Clear,High,Night,Bike,7,2.0,101,Intermediate,6.165
646,17.87,Snowy,Low,Morning,Scooter,29,4.0,87,Expert,4.4675
847,2.16,Clear,Medium,Night,Car,10,1.0,23,Intermediate,2.16
557,3.11,Rainy,Medium,Morning,Scooter,21,1.0,43,Intermediate,3.11
958,1.42,Clear,High,Afternoon,Scooter,24,2.0,40,Intermediate,0.71
578,18.57,Rainy,Medium,Afternoon,Bike,16,7.0,89,Expert,2.652857142857143
796,17.51,Clear,Medium,Evening,Bike,15,3.0,60,Intermediate,5.836666666666667
86,6.84,Clear,Medium,Evening,Bike,25,1.0,51,Intermediate,6.84
243,18.34,Snowy,Medium,Afternoon,Scooter,22,5.0,91,Expert,3.668
699,3.51,Windy,Medium,Night,Bike,22,2.0,44,Intermediate,1.755
160,14.7,Clear,Medium,Morning,Scooter,6,2.0,58,Intermediate,7.031874999999999
525,16.85,Clear,High,Morning,Car,17,4.0,71,Expert,4.2125
36,16.26,Rainy,Low,Morning,Car,27,5.0,66,Expert,3.2520000000000002
541,19.1,Snowy,Medium,Morning,Bike,25,6.0,90,Expert,3.1833333333333336
171,13.71,Rainy,Medium,Evening,Bike,22,9.0,64,Expert,1.5233333333333334
655,8.92,Clear,Medium,Morning,Bike,10,1.0,51,Intermediate,7.031874999999999
891,14.58,Clear,Low,Evening,Bike,23,0.0,70,Newbie,0.0
858,9.71,Clear,Low,Afternoon,Car,27,5.0,61,Expert,1.9420000000000002
848,19.94,Clear,Low,Afternoon,Bike,26,6.0,83,Expert,3.3233333333333337
945,4.53,Snowy,Medium,Morning,Scooter,18,4.0,49,Expert,1.1325
734,10.7,Clear,High,Afternoon,Car,8,4.0,57,Expert,2.675
96,10.13,Clear,Medium,Evening,Bike,22,0.0,65,Newbie,0.0
564,0.78,Clear,Low,Afternoon,Bike,11,0.0,18,Newbie,0.0
241,18.84,Foggy,Medium,Afternoon,Scooter,25,8.0,88,Expert,2.355
743,15.08,Snowy,Low,Evening,Bike,29,7.0,84,Expert,2.1542857142857144
575,17.32,Clear,Low,Evening,Scooter,10,3.0,77,Intermediate,5.773333333333333
691,6.81,Clear,Medium,Evening,Bike,23,2.0,47,Intermediate,3.405
461,2.79,Clear,High,Morning,Bike,23,7.0,38,Expert,0.3985714285714286
554,11.44,Foggy,High,Afternoon,Car,14,4.0,74,Expert,2.86
889,2.44,Snowy,High,Evening,Bike,13,9.0,39,Expert,0.2711111111111111
207,2.48,Rainy,Low,Evening,Scooter,20,8.0,30,Expert,0.31
393,7.75,Clear,Medium,Evening,Scooter,21,1.0,55,Intermediate,7.031874999999999
795,0.85,Clear,Medium,Morning,Bike,9,8.0,17,Expert,0.10625
398,8.87,Clear,Low,Evening,Bike,19,3.0,55,Intermediate,2.9566666666666666
767,15.37,Snowy,Medium,Afternoon,Car,15,5.0,66,Expert,3.074
849,10.29,Foggy,Medium,Evening,Scooter,25,4.0,67,Expert,2.5725
218,15.06,Rainy,Low,Morning,Bike,22,4.0,65,Expert,3.765
5,3.54,Foggy,Low,Morning,Bike,23,7.0,37,Expert,0.5057142857142857
769,7.17,Clear,Medium,Morning,Scooter,7,9.0,29,Expert,0.7966666666666666
643,4.62,Rainy,Medium,Afternoon,Car,8,3.0,33,Intermediate,1.54
930,5.53,Clear,Low,Morning,Car,10,8.0,27,Expert,0.69125
613,12.74,Rainy,Low,Afternoon,Bike,17,9.0,63,Expert,1.4155555555555557
739,9.06,Clear,High,Evening,Bike,26,3.0,61,Intermediate,3.02
547,2.71,Foggy,Low,Morning,Bike,6,0.0,28,Newbie,0.0
726,16.92,Clear,Low,Night,Bike,23,5.0,78,Expert,3.3840000000000003
684,13.54,Foggy,Low,Morning,Bike,11,1.0,54,Intermediate,7.031874999999999
99,1.0,Snowy,Medium,Morning,Bike,25,4.0,44,Expert,0.25
805,8.77,Clear,Medium,Morning,Car,12,2.0,42,Intermediate,4.385
728,16.01,Windy,Low,Morning,Car,28,0.0,84,Newbie,0.0
574,12.63,Foggy,Medium,Night,Scooter,8,8.0,49,Expert,1.57875
407,8.09,Foggy,Low,Evening,Car,22,2.0,56,Intermediate,4.045
503,6.54,Clear,Medium,Night,Bike,10,7.0,39,Expert,0.9342857142857143
48,10.64,Clear,Medium,Afternoon,Scooter,14,5.0,45,Expert,2.128
33,1.77,Clear,Medium,Evening,Bike,14,9.0,22,Expert,0.19666666666666666
780,13.0,Foggy,Low,Evening,Bike,25,7.0,77,Expert,1.8571428571428572
840,12.83,Clear,Low,Evening,Bike,5,8.0,50,Expert,1.60375
201,13.02,Snowy,High,Afternoon,Car,6,9.0,65,Expert,1.4466666666666665
135,18.89,Rainy,Medium,Morning,Scooter,22,1.0,74,Intermediate,7.031874999999999
28,10.53,Foggy,High,Evening,Bike,25,8.0,72,Expert,1.31625
881,5.01,Rainy,Low,Afternoon,Bike,10,5.0,31,Expert,1.002
231,16.0,Foggy,Medium,Afternoon,Scooter,13,3.0,65,Intermediate,5.333333333333333
490,17.86,Clear,Low,Afternoon,Scooter,16,8.0,83,Expert,2.2325
773,2.99,Foggy,High,Afternoon,Bike,9,5.0,90,Expert,0.5980000000000001
379,16.38,Clear,Medium,Morning,Bike,6,2.0,51,Intermediate,7.031874999999999
289,6.09,Clear,Medium,Night,Bike,7,4.0,27,Expert,1.5225
419,13.61,Clear,Low,Morning,Bike,26,0.0,66,Newbie,0.0
675,8.5,Snowy,High,Evening,Bike,14,7.0,56,Expert,1.2142857142857142
392,8.55,Clear,Low,Evening,Scooter,28,8.0,46,Expert,1.06875
593,4.05,Clear,Medium,Afternoon,Scooter,21,5.0,39,Expert,0.8099999999999999
499,19.5,Clear,High,Morning,Bike,18,2.0,73,Intermediate,7.031874999999999
139,7.59,Clear,Medium,Afternoon,Scooter,16,3.0,37,Intermediate,2.53
63,16.66,Snowy,High,Afternoon,Scooter,29,7.0,95,Expert,2.38
472,19.41,Snowy,High,Evening,Car,21,3.0,100,Intermediate,6.47
648,13.74,Foggy,Medium,Afternoon,Bike,6,1.0,56,Intermediate,7.031874999999999
129,0.64,Clear,High,Night,Bike,10,3.0,24,Intermediate,0.21333333333333335
977,12.1,Clear,High,Afternoon,Bike,11,0.0,53,Newbie,0.0
521,12.09,Clear,Medium,Morning,Car,13,1.0,60,Intermediate,7.031874999999999
839,11.82,Windy,Medium,Night,Bike,24,7.0,77,Expert,1.6885714285714286
963,5.28,Foggy,Low,Morning,Bike,27,6.0,53,Expert,0.88
65,5.98,Clear,Low,Evening,Car,22,9.0,35,Expert,0.6644444444444445
813,2.93,Clear,Medium,Morning,Bike,24,8.0,94,Expert,0.36625
15,4.05,Snowy,Medium,Evening,Scooter,19,2.0,50,Intermediate,2.025
157,13.61,Clear,Low,Morning,Scooter,12,2.0,43,Intermediate,6.805
41,2.88,Rainy,Medium,Morning,Car,16,4.0,41,Expert,0.72
493,5.91,Clear,Medium,Evening,Scooter,29,4.0,57,Expert,1.4775
380,6.0,Rainy,Medium,Evening,Scooter,21,2.0,47,Intermediate,3.0
188,11.33,Clear,Medium,Afternoon,Scooter,29,7.0,77,Expert,1.6185714285714285
764,15.01,Clear,Medium,Morning,Bike,15,6.0,64,Expert,2.5016666666666665
217,6.85,Clear,High,Morning,Bike,16,5.0,48,Expert,1.3699999999999999
792,11.93,Snowy,High,Morning,Car,7,1.0,75,Intermediate,7.031874999999999
53,18.82,Windy,Low,Morning,Car,5,3.0,77,Intermediate,6.273333333333333
879,1.03,Clear,Medium,Afternoon,Bike,19,4.0,29,Expert,0.2575
338,14.22,Rainy,Medium,Evening,Car,25,8.0,84,Expert,1.7775
749,18.18,Snowy,High,Morning,Bike,17,3.0,85,Intermediate,6.06
720,14.75,Clear,Low,Morning,Car,10,7.0,62,Expert,2.107142857142857
725,11.7,Rainy,Low,Afternoon,Bike,17,5.0,60,Expert,2.34
296,10.68,Clear,Low,Morning,Bike,14,1.0,42,Intermediate,7.031874999999999
702,1.51,Clear,High,Evening,Bike,26,1.0,44,Intermediate,1.51
252,8.01,Clear,High,Morning,Bike,8,6.0,48,Expert,1.335
727,3.23,Rainy,Low,Morning,Car,25,7.0,42,Expert,0.4614285714285714
462,13.16,Rainy,High,Morning,Scooter,25,8.0,68,Expert,1.645
456,10.11,Windy,Low,Morning,Bike,11,4.0,44,Expert,2.5275
997,18.39,Windy,Low,Afternoon,Bike,24,6.0,74,Expert,3.065
816,10.62,Windy,Medium,Afternoon,Car,22,5.0,54,Expert,2.1239999999999997
863,10.73,Clear,Medium,Afternoon,Bike,7,5.0,57,Expert,2.146
270,6.23,Clear,Medium,Evening,Car,20,1.0,51,Intermediate,6.23
202,2.14,Clear,Low,Afternoon,Bike,25,1.0,36,Intermediate,2.14
162,12.83,Clear,Medium,Morning,Bike,19,2.0,76,Intermediate,6.415
556,8.37,Clear,High,Evening,Scooter,13,7.0,42,Expert,1.1957142857142855
730,3.69,Rainy,Medium,Afternoon,Bike,8,8.0,27,Expert,0.46125
402,18.1,Clear,Low,Morning,Scooter,8,5.0,77,Expert,3.62
703,7.06,Clear,Low,Afternoon,Scooter,26,5.0,51,Expert,1.412
477,1.94,Foggy,Low,Night,Bike,10,1.0,25,Intermediate,1.94
822,0.59,Clear,Low,Afternoon,Bike,21,0.0,27,Newbie,0.0
772,17.01,Snowy,Low,Night,Bike,28,6.0,97,Expert,2.8350000000000004
106,5.36,Clear,Low,Afternoon,Scooter,11,4.0,30,Expert,1.34
566,12.0,Clear,Low,Evening,Car,25,0.0,75,Newbie,0.0
390,16.23,Clear,Medium,Evening,Bike,6,0.0,54,Newbie,0.0
2,19.04,Rainy,Low,Evening,Car,12,6.0,60,Expert,3.1733333333333333
938,18.33,Foggy,Medium,Morning,Scooter,19,0.0,98,Newbie,0.0
983,2.58,Clear,Medium,Morning,Scooter,25,7.0,37,Expert,0.3685714285714286
562,4.65,Clear,Medium,Evening,Bike,21,1.0,46,Intermediate,4.65
81,17.33,Snowy,Low,Evening,Scooter,12,3.0,79,Intermediate,5.776666666666666
206,0.68,Snowy,High,Evening,Bike,29,8.0,50,Expert,0.085
35,19.33,Clear,Medium,Morning,Bike,7,8.0,73,Expert,2.41625
776,3.42,Clear,Medium,Night,Car,11,9.0,24,Expert,0.38
509,19.02,Rainy,High,Evening,Scooter,22,1.0,106,Intermediate,7.031874999999999
428,17.81,Windy,High,Evening,Bike,21,4.0,116,Expert,4.4525
455,2.67,Clear,Medium,Night,Car,17,6.0,28,Expert,0.445
367,19.24,Snowy,Low,Morning,Bike,26,1.0,114,Intermediate,7.031874999999999
92,14.41,Rainy,Medium,Night,Bike,16,6.0,85,Expert,2.401666666666667
340,2.41,Clear,Medium,Evening,Bike,15,9.0,25,Expert,0.2677777777777778
898,17.98,Clear,Low,Evening,Bike,5,8.0,45,Expert,2.2475
565,7.34,Foggy,Medium,Afternoon,Bike,22,5.0,93,Expert,1.468
346,12.51,Clear,Medium,Evening,Bike,18,5.0,62,Expert,2.502
777,4.97,Rainy,Low,Evening,Bike,17,9.0,34,Expert,0.5522222222222222
242,19.1,Snowy,Low,Afternoon,Bike,18,1.0,101,Intermediate,7.031874999999999
14,4.64,Clear,Low,Afternoon,Bike,15,9.0,24,Expert,0.5155555555555555
316,14.07,Rainy,Low,Evening,Bike,10,5.0,63,Expert,2.814
601,3.79,Clear,Medium,Morning,Bike,13,2.0,34,Intermediate,1.895
388,3.96,Clear,Medium,Afternoon,Bike,23,5.0,44,Expert,0.792
274,18.31,Clear,Medium,Afternoon,Bike,25,3.0,79,Intermediate,6.103333333333333
167,6.76,Foggy,Medium,Night,Bike,7,6.0,42,Expert,1.1266666666666667
841,0.76,Clear,Low,Afternoon,Car,26,9.0,28,Expert,0.08444444444444445
993,5.81,Rainy,Medium,Evening,Bike,14,8.0,41,Expert,0.72625
647,12.08,Clear,High,Afternoon,Scooter,16,4.0,60,Expert,3.02
819,1.57,Rainy,Low,Evening,Car,16,1.0,30,Intermediate,1.57
485,11.89,Clear,Medium,Afternoon,Bike,28,0.0,79,Newbie,0.0
981,7.02,Clear,Medium,Evening,Car,23,2.0,53,Intermediate,3.51
505,13.85,Clear,Low,Evening,Bike,29,5.0,71,Expert,2.77
832,9.32,Rainy,Medium,Evening,Scooter,24,2.0,71,Intermediate,4.66
244,7.72,Foggy,High,Evening,Bike,19,4.0,64,Expert,1.93
567,8.15,Rainy,Low,Afternoon,Bike,26,2.0,50,Intermediate,4.075
876,3.54,Rainy,Medium,Afternoon,Scooter,17,4.0,41,Expert,0.885
563,3.16,Snowy,Low,Morning,Car,9,5.0,27,Expert,0.632
687,11.65,Windy,Low,Night,Bike,10,3.0,53,Intermediate,3.8833333333333333
190,5.22,Snowy,Medium,Morning,Scooter,14,3.0,43,Intermediate,1.74
783,5.41,Clear,High,Morning,Scooter,17,6.0,38,Expert,0.9016666666666667
700,9.88,Rainy,Medium,Morning,Car,7,0.0,43,Newbie,0.0
476,19.86,Rainy,High,Evening,Bike,12,8.0,71,Expert,2.4825
682,5.53,Windy,High,Morning,Bike,23,4.0,59,Expert,1.3825
511,12.46,Foggy,Low,Afternoon,Bike,10,1.0,62,Intermediate,7.031874999999999
59,1.38,Clear,Medium,Morning,Car,6,3.0,17,Intermediate,0.45999999999999996
475,10.79,Clear,Medium,Evening,Scooter,24,1.0,65,Intermediate,7.031874999999999
561,14.23,Clear,Medium,Afternoon,Scooter,23,7.0,70,Expert,2.032857142857143
857,1.21,Snowy,Low,Afternoon,Bike,22,1.0,39,Intermediate,1.21
748,11.1,Clear,Low,Afternoon,Bike,18,7.0,56,Expert,1.5857142857142856
253,17.1,Clear,Medium,Evening,Bike,25,5.0,65,Expert,3.4200000000000004
22,3.22,Clear,Medium,Afternoon,Bike,19,9.0,32,Expert,0.3577777777777778
314,19.27,Foggy,Medium,Morning,Car,29,9.0,85,Expert,2.141111111111111
460,2.82,Rainy,Medium,Evening,Scooter,10,1.0,29,Intermediate,2.82
161,7.67,Foggy,Medium,Afternoon,Scooter,22,8.0,59,Expert,0.95875
277,16.07,Clear,Medium,Evening,Bike,16,5.0,64,Expert,3.214
956,7.97,Windy,Medium,Evening,Scooter,9,8.0,35,Expert,0.99625
192,18.0,Rainy,High,Night,Car,22,5.0,98,Expert,3.6
386,16.17,Clear,Medium,Evening,Scooter,12,2.0,78,Intermediate,7.031874999999999
806,14.86,Clear,High,Night,Scooter,15,4.0,91,Expert,3.715
414,11.68,Clear,Medium,Afternoon,Scooter,25,7.0,70,Expert,1.6685714285714286
492,12.59,Clear,Low,Evening,Scooter,10,2.0,39,Intermediate,6.295
344,8.96,Snowy,Medium,Morning,Car,6,5.0,51,Expert,1.7920000000000003
770,16.51,Clear,Medium,Morning,Bike,7,1.0,79,Intermediate,7.031874999999999
309,16.01,Clear,Low,Afternoon,Car,12,4.0,72,Expert,4.0025
662,19.74,Rainy,High,Afternoon,Scooter,11,7.0,81,Expert,2.82
131,8.64,Snowy,Low,Evening,Bike,29,4.0,62,Expert,2.16
664,5.13,Clear,Medium,Morning,Car,16,1.0,38,Intermediate,5.13
872,5.78,Clear,High,Morning,Bike,11,5.0,38,Expert,1.1560000000000001
100,2.6,Clear,Low,Afternoon,Bike,16,1.0,29,Intermediate,2.6
373,2.34,Foggy,Medium,Morning,Bike,8,2.0,28,Intermediate,1.17
88,12.93,Clear,Medium,Morning,Scooter,20,8.0,58,Expert,1.61625
459,1.6,Clear,Medium,Evening,Bike,14,8.0,24,Expert,0.2
331,7.44,Rainy,Low,Evening,Bike,27,5.0,53,Expert,1.488
215,14.39,Rainy,Medium,Morning,Scooter,6,5.0,50,Expert,2.878
467,6.07,Clear,Low,Afternoon,Bike,18,4.0,35,Expert,1.5175
122,17.97,Windy,Medium,Morning,Scooter,28,7.0,92,Expert,2.567142857142857
615,17.53,Clear,Low,Afternoon,Bike,14,6.0,79,Expert,2.921666666666667
21,12.43,Rainy,High,Morning,Bike,13,6.0,70,Expert,2.0716666666666668
701,10.89,Windy,Medium,Evening,Bike,7,0.0,58,Newbie,0.0
72,4.37,Clear,Medium,Evening,Scooter,6,7.0,25,Expert,0.6242857142857143
107,8.5,Clear,High,Evening,Car,13,3.0,54,Intermediate,2.8333333333333335
271,16.28,Rainy,Low,Morning,Scooter,8,9.0,71,Expert,1.808888888888889
861,15.62,Snowy,High,Evening,Scooter,26,2.0,81,Intermediate,7.031874999999999
436,14.17,Clear,Low,Afternoon,Bike,8,0.0,55,Newbie,0.0
103,6.63,Foggy,Low,Night,Scooter,24,3.0,58,Intermediate,2.21
